{"cameraMode":{"drawMode":0,"name":"Shaded","section":"Shading Mode"},"sceneLighting":false,"audioPlay":false,"sceneViewState":{"showFog":true,"showMaterialUpdate":false,"showSkybox":true,"showFlares":true,"showImageEffects":true,"showParticleSystems":true},"in2DMode":false,"pivot":{"x":477.7884216308594,"y":405.1817321777344,"z":-261.1811828613281},"rotation":{"x":-0.0839935913681984,"y":-0.07140222191810608,"z":0.006034544203430414,"w":-0.9938865303993225},"size":22.0,"orthographic":false}