{"cameraMode":{"drawMode":0,"name":"Shaded","section":"Shading Mode"},"sceneLighting":false,"audioPlay":false,"sceneViewState":{"showFog":true,"showMaterialUpdate":false,"showSkybox":true,"showFlares":true,"showImageEffects":true,"showParticleSystems":true},"in2DMode":false,"pivot":{"x":0.3156554698944092,"y":3.6233749389648439,"z":-0.16290754079818726},"rotation":{"x":-0.17310892045497895,"y":-0.4946022629737854,"z":0.10124626010656357,"w":-0.8456661105155945},"size":15.259317398071289,"orthographic":false}