{"cameraMode":{"drawMode":0,"name":"Shaded","section":"Shading Mode"},"sceneLighting":false,"audioPlay":false,"sceneViewState":{"showFog":true,"showMaterialUpdate":false,"showSkybox":true,"showFlares":true,"showImageEffects":true,"showParticleSystems":true},"in2DMode":false,"pivot":{"x":0.0,"y":1.5415456295013428,"z":1.1920928955078126e-7},"rotation":{"x":-0.08413103222846985,"y":-0.8832372426986694,"z":0.1739087700843811,"w":-0.42728185653686526},"size":10.630078315734864,"orthographic":false}