{"cameraMode":{"drawMode":0,"name":"Shaded","section":"Shading Mode"},"sceneLighting":false,"audioPlay":false,"sceneViewState":{"showFog":true,"showMaterialUpdate":false,"showSkybox":true,"showFlares":true,"showImageEffects":true,"showParticleSystems":true},"in2DMode":false,"pivot":{"x":10.710000038146973,"y":0.9300000071525574,"z":-1.4004812240600587},"rotation":{"x":-0.23041361570358277,"y":-0.722780168056488,"z":0.28401535749435427,"w":-0.5863733887672424},"size":22.0,"orthographic":false}