{"cameraMode":{"drawMode":0,"name":"Shaded","section":"Shading Mode"},"sceneLighting":false,"audioPlay":false,"sceneViewState":{"showFog":true,"showMaterialUpdate":false,"showSkybox":true,"showFlares":true,"showImageEffects":true,"showParticleSystems":true},"in2DMode":false,"pivot":{"x":-0.008826643228530884,"y":0.9088995456695557,"z":-0.013549208641052246},"rotation":{"x":0.09588158130645752,"y":0.9019625186920166,"z":-0.26308855414390566,"w":0.328716903924942},"size":4.161231517791748,"orthographic":false}