{"cameraMode":{"drawMode":0,"name":"Shaded","section":"Shading Mode"},"sceneLighting":false,"audioPlay":false,"sceneViewState":{"showFog":true,"showMaterialUpdate":false,"showSkybox":true,"showFlares":true,"showImageEffects":true,"showParticleSystems":true},"in2DMode":false,"pivot":{"x":0.0,"y":2.7899999618530275,"z":-17.65999984741211},"rotation":{"x":0.10924487560987473,"y":0.8907034397125244,"z":-0.3068908751010895,"w":0.3170662522315979},"size":1.6575767993927003,"orthographic":false}