{"cameraMode":{"drawMode":0,"name":"Shaded","section":"Shading Mode"},"sceneLighting":false,"audioPlay":false,"sceneViewState":{"showFog":true,"showMaterialUpdate":false,"showSkybox":true,"showFlares":true,"showImageEffects":true,"showParticleSystems":true},"in2DMode":false,"pivot":{"x":-4.547942161560059,"y":1.2400641441345215,"z":-3.2043871879577638},"rotation":{"x":0.0028687953017652036,"y":-0.8486142158508301,"z":0.5289844870567322,"w":0.004601215478032827},"size":4.357924461364746,"orthographic":false}