{"cameraMode":{"drawMode":0,"name":"Shaded","section":"Shading Mode"},"sceneLighting":false,"audioPlay":false,"sceneViewState":{"showFog":true,"showMaterialUpdate":false,"showSkybox":true,"showFlares":true,"showImageEffects":true,"showParticleSystems":true},"in2DMode":false,"pivot":{"x":-0.05614972114562988,"y":1.0446827411651612,"z":0.12682247161865235},"rotation":{"x":-0.17310892045497895,"y":-0.4946022629737854,"z":0.10124626010656357,"w":-0.8456661105155945},"size":6.382665634155273,"orthographic":false}