{"cameraMode":{"drawMode":0,"name":"Shaded","section":"Shading Mode"},"sceneLighting":false,"audioPlay":false,"sceneViewState":{"showFog":true,"showMaterialUpdate":false,"showSkybox":true,"showFlares":true,"showImageEffects":true,"showParticleSystems":true},"in2DMode":false,"pivot":{"x":-10.266977310180664,"y":4.946629047393799,"z":-3.708399534225464},"rotation":{"x":-0.17310892045497895,"y":-0.4946022629737854,"z":0.10124626010656357,"w":-0.8456661105155945},"size":7.782580375671387,"orthographic":false}