{"cameraMode":{"drawMode":0,"name":"Shaded","section":"Shading Mode"},"sceneLighting":false,"audioPlay":false,"sceneViewState":{"showFog":true,"showMaterialUpdate":false,"showSkybox":true,"showFlares":true,"showImageEffects":true,"showParticleSystems":true},"in2DMode":false,"pivot":{"x":-6.539999961853027,"y":1.1599998474121094,"z":-6.170000076293945},"rotation":{"x":-0.016905514523386956,"y":0.9529165029525757,"z":0.054078247398138049,"w":0.2978924512863159},"size":2.6807239055633547,"orthographic":false}