{"cameraMode":{"drawMode":0,"name":"Shaded","section":"Shading Mode"},"sceneLighting":false,"audioPlay":false,"sceneViewState":{"showFog":true,"showMaterialUpdate":false,"showSkybox":true,"showFlares":true,"showImageEffects":true,"showParticleSystems":true},"in2DMode":false,"pivot":{"x":0.004487395286560059,"y":2.799999713897705,"z":-0.0077724456787109379},"rotation":{"x":-0.17310892045497895,"y":-0.4946022629737854,"z":0.10124626010656357,"w":-0.8456661105155945},"size":10.55407428741455,"orthographic":false}