{"cameraMode":{"drawMode":0,"name":"Shaded","section":"Shading Mode"},"sceneLighting":false,"audioPlay":false,"sceneViewState":{"showFog":true,"showMaterialUpdate":false,"showSkybox":true,"showFlares":true,"showImageEffects":true,"showParticleSystems":true},"in2DMode":false,"pivot":{"x":-29.288053512573243,"y":-8.223073959350586,"z":-12.644221305847168},"rotation":{"x":0.10924487560987473,"y":0.8907034397125244,"z":-0.3068908751010895,"w":0.3170662522315979},"size":5.525253772735596,"orthographic":false}