{"cameraMode":{"drawMode":0,"name":"Shaded","section":"Shading Mode"},"sceneLighting":false,"audioPlay":false,"sceneViewState":{"showFog":true,"showMaterialUpdate":false,"showSkybox":true,"showFlares":true,"showImageEffects":true,"showParticleSystems":true},"in2DMode":false,"pivot":{"x":-0.9137910604476929,"y":3.31528639793396,"z":-2.120687484741211},"rotation":{"x":0.0014190737856552005,"y":-0.97874915599823,"z":0.20494450628757478,"w":0.006775053683668375},"size":11.728658676147461,"orthographic":false}