{"cameraMode":{"drawMode":0,"name":"Shaded","section":"Shading Mode"},"sceneLighting":false,"audioPlay":false,"sceneViewState":{"showFog":true,"showMaterialUpdate":false,"showSkybox":true,"showFlares":true,"showImageEffects":true,"showParticleSystems":true},"in2DMode":false,"pivot":{"x":0.29691624641418459,"y":0.5,"z":-0.43434083461761477},"rotation":{"x":-0.17310892045497895,"y":-0.4946022629737854,"z":0.10124626010656357,"w":-0.8456661105155945},"size":7.192183017730713,"orthographic":false}