{"cameraMode":{"drawMode":0,"name":"Shaded","section":"Shading Mode"},"sceneLighting":false,"audioPlay":false,"sceneViewState":{"showFog":true,"showMaterialUpdate":false,"showSkybox":true,"showFlares":true,"showImageEffects":true,"showParticleSystems":true},"in2DMode":false,"pivot":{"x":0.0,"y":25.940799713134767,"z":-8.157401084899903},"rotation":{"x":-0.24856939911842347,"y":-0.4063153862953186,"z":0.11587570607662201,"w":-0.8716042637825012},"size":155.20281982421876,"orthographic":false}