{"cameraMode":{"drawMode":0,"name":"Shaded","section":"Shading Mode"},"sceneLighting":false,"audioPlay":false,"sceneViewState":{"showFog":true,"showMaterialUpdate":false,"showSkybox":true,"showFlares":true,"showImageEffects":true,"showParticleSystems":true},"in2DMode":false,"pivot":{"x":-0.40291404724121096,"y":2.4586915969848635e-7,"z":-0.10811783373355866},"rotation":{"x":0.09588158130645752,"y":0.9019625186920166,"z":-0.26308855414390566,"w":0.328716903924942},"size":1.9705750942230225,"orthographic":false}