{"cameraMode":{"drawMode":0,"name":"Shaded","section":"Shading Mode"},"sceneLighting":false,"audioPlay":false,"sceneViewState":{"showFog":true,"showMaterialUpdate":false,"showSkybox":true,"showFlares":true,"showImageEffects":true,"showParticleSystems":true},"in2DMode":false,"pivot":{"x":-3.3820314407348635,"y":0.9363457560539246,"z":-3.7020769119262697},"rotation":{"x":-0.08413103222846985,"y":-0.8832372426986694,"z":0.1739087700843811,"w":-0.42728185653686526},"size":0.9792575240135193,"orthographic":false}