{"cameraMode":{"drawMode":0,"name":"Shaded","section":"Shading Mode"},"sceneLighting":false,"audioPlay":false,"sceneViewState":{"showFog":true,"showMaterialUpdate":false,"showSkybox":true,"showFlares":true,"showImageEffects":true,"showParticleSystems":true},"in2DMode":false,"pivot":{"x":-0.04631805419921875,"y":-1.0494346618652344,"z":6.0972700119018559},"rotation":{"x":-0.24312540888786317,"y":-0.7057097554206848,"z":0.2854025959968567,"w":-0.6011732220649719},"size":72.79460144042969,"orthographic":false}