{"cameraMode":{"drawMode":0,"name":"Shaded","section":"Shading Mode"},"sceneLighting":false,"audioPlay":false,"sceneViewState":{"showFog":true,"showMaterialUpdate":false,"showSkybox":true,"showFlares":true,"showImageEffects":true,"showParticleSystems":true},"in2DMode":false,"pivot":{"x":-8.579999923706055,"y":1.1599998474121094,"z":-6.170000076293945},"rotation":{"x":-0.23313255608081819,"y":-0.34629639983177187,"z":0.08927681297063828,"w":-0.9042996168136597},"size":3.5847179889678957,"orthographic":false}