{"cameraMode":{"drawMode":0,"name":"Shaded","section":"Shading Mode"},"sceneLighting":false,"audioPlay":false,"sceneViewState":{"showFog":true,"showMaterialUpdate":false,"showSkybox":true,"showFlares":true,"showImageEffects":true,"showParticleSystems":true},"in2DMode":false,"pivot":{"x":-6.559032440185547,"y":1.4075984954833985,"z":-6.470001220703125},"rotation":{"x":-0.23313255608081819,"y":-0.34629639983177187,"z":0.08927681297063828,"w":-0.9042996168136597},"size":2.8578836917877199,"orthographic":false}