{"cameraMode":{"drawMode":0,"name":"Shaded","section":"Shading Mode"},"sceneLighting":false,"audioPlay":false,"sceneViewState":{"showFog":true,"showMaterialUpdate":false,"showSkybox":true,"showFlares":true,"showImageEffects":true,"showParticleSystems":true},"in2DMode":false,"pivot":{"x":2.384185791015625e-7,"y":0.09999999403953552,"z":4.76837158203125e-7},"rotation":{"x":0.0014190737856552005,"y":-0.97874915599823,"z":0.20494450628757478,"w":0.006775053683668375},"size":9.339640617370606,"orthographic":false}